{"Trainer/where": 0.024816176470588237, "Trainer/epoch": 0, "Trainer/steps_train": 136}
{"Trainer/where": 0.04981617647058824, "Trainer/epoch": 1, "Trainer/steps_train": 272}
{"Trainer/where": 0.07481617647058823, "Trainer/epoch": 2, "Trainer/steps_train": 408}
{"Trainer/where": 0.09981617647058824, "Trainer/epoch": 3, "Trainer/steps_train": 544}
{"Trainer/where": 0.12481617647058822, "Trainer/epoch": 4, "Trainer/steps_train": 680}
{"Trainer/where": 0.14981617647058823, "Trainer/epoch": 5, "Trainer/steps_train": 816}
{"Trainer/where": 0.17481617647058822, "Trainer/epoch": 6, "Trainer/steps_train": 952}
{"Trainer/where": 0.19981617647058822, "Trainer/epoch": 7, "Trainer/steps_train": 1088}
{"Trainer/where": 0.2248161764705882, "Trainer/epoch": 8, "Trainer/steps_train": 1224}
{"Trainer/where": 0.24981617647058824, "Trainer/epoch": 9, "Trainer/steps_train": 1360}
{"Trainer/where": 0.2748161764705882, "Trainer/epoch": 10, "Trainer/steps_train": 1496}
{"Trainer/where": 0.2998161764705882, "Trainer/epoch": 11, "Trainer/steps_train": 1632}
{"Trainer/where": 0.32481617647058825, "Trainer/epoch": 12, "Trainer/steps_train": 1768}
{"Trainer/where": 0.3498161764705882, "Trainer/epoch": 13, "Trainer/steps_train": 1904}
{"Trainer/where": 0.37481617647058824, "Trainer/epoch": 14, "Trainer/steps_train": 2040}
{"Trainer/where": 0.3998161764705882, "Trainer/epoch": 15, "Trainer/steps_train": 2176}
{"Trainer/where": 0.4248161764705882, "Trainer/epoch": 16, "Trainer/steps_train": 2312}
{"Trainer/where": 0.44981617647058825, "Trainer/epoch": 17, "Trainer/steps_train": 2448}
{"Trainer/where": 0.4748161764705882, "Trainer/epoch": 18, "Trainer/steps_train": 2584}
{"Trainer/where": 0.49981617647058824, "Trainer/epoch": 19, "Trainer/steps_train": 2720}
{"Trainer/where": 0.5248161764705882, "Trainer/epoch": 20, "Trainer/steps_train": 2856}
{"Trainer/where": 0.5498161764705882, "Trainer/epoch": 21, "Trainer/steps_train": 2992}
{"Trainer/where": 0.5748161764705882, "Trainer/epoch": 22, "Trainer/steps_train": 3128}
{"Trainer/where": 0.5998161764705883, "Trainer/epoch": 23, "Trainer/steps_train": 3264}
{"Trainer/where": 0.6248161764705882, "Trainer/epoch": 24, "Trainer/steps_train": 3400}
{"Trainer/where": 0.6498161764705882, "Trainer/epoch": 25, "Trainer/steps_train": 3536}
{"Trainer/where": 0.6748161764705882, "Trainer/epoch": 26, "Trainer/steps_train": 3672}
{"Trainer/where": 0.6998161764705882, "Trainer/epoch": 27, "Trainer/steps_train": 3808}
{"Trainer/where": 0.7248161764705883, "Trainer/epoch": 28, "Trainer/steps_train": 3944}
{"Trainer/where": 0.7498161764705882, "Trainer/epoch": 29, "Trainer/steps_train": 4080}
{"Trainer/where": 0.7748161764705882, "Trainer/epoch": 30, "Trainer/steps_train": 4216}
{"Trainer/where": 0.7998161764705882, "Trainer/epoch": 31, "Trainer/steps_train": 4352}
{"Trainer/where": 0.8248161764705882, "Trainer/epoch": 32, "Trainer/steps_train": 4488}
{"Trainer/where": 0.8498161764705883, "Trainer/epoch": 33, "Trainer/steps_train": 4624}
{"Trainer/where": 0.8748161764705882, "Trainer/epoch": 34, "Trainer/steps_train": 4760}
{"Trainer/where": 0.8998161764705882, "Trainer/epoch": 35, "Trainer/steps_train": 4896}
{"Trainer/where": 0.9248161764705882, "Trainer/epoch": 36, "Trainer/steps_train": 5032}
{"Trainer/where": 0.9498161764705882, "Trainer/epoch": 37, "Trainer/steps_train": 5168}
{"Trainer/where": 0.9748161764705883, "Trainer/epoch": 38, "Trainer/steps_train": 5304}
{"Trainer/where": 0.9998161764705882, "Trainer/epoch": 39, "Trainer/steps_train": 5440}
