{"Losses/train_all_loss": 1.4531588173087906, "Losses/train_all_loss_mask": 0.006137107700958629, "Losses/train_all_loss_dice": 5.439212203025818, "Losses/train_all_loss_iou": 0.6764562967616845, "Losses/train_all_loss_class": 0.015226332822852755, "Losses/train_all_core_loss": 1.4531588173087906, "Trainer/where": 0.024816176470588237, "Trainer/epoch": 0, "Trainer/steps_train": 136}
{"Losses/train_all_loss": 1.506555120296338, "Losses/train_all_loss_mask": 0.004756253498378689, "Losses/train_all_loss_dice": 5.907863891300033, "Losses/train_all_loss_iou": 0.6764020335805767, "Losses/train_all_loss_class": 0.02323304808742384, "Losses/train_all_core_loss": 1.506555120296338, "Trainer/where": 0.04981617647058824, "Trainer/epoch": 1, "Trainer/steps_train": 272}
{"Losses/train_all_loss": 1.4423253663322504, "Losses/train_all_loss_mask": 0.004590972593552365, "Losses/train_all_loss_dice": 5.725774893865866, "Losses/train_all_loss_iou": 0.6809838118634242, "Losses/train_all_loss_class": 0.00028955500794622553, "Losses/train_all_core_loss": 1.4423253663322504, "Trainer/where": 0.07481617647058823, "Trainer/epoch": 2, "Trainer/steps_train": 408}
{"Losses/train_all_loss": 1.5874753127641537, "Losses/train_all_loss_mask": 0.004685484614396153, "Losses/train_all_loss_dice": 6.183142981108497, "Losses/train_all_loss_iou": 0.6856935697552913, "Losses/train_all_loss_class": 0.04971600874378456, "Losses/train_all_core_loss": 1.5874753127641537, "Trainer/where": 0.09981617647058824, "Trainer/epoch": 3, "Trainer/steps_train": 544}
{"Losses/train_all_loss": 1.6143893159049398, "Losses/train_all_loss_mask": 0.005468622758117443, "Losses/train_all_loss_dice": 6.256621535648318, "Losses/train_all_loss_iou": 0.6697373715612818, "Losses/train_all_loss_class": 0.03771572699782202, "Losses/train_all_core_loss": 1.6143893159049398, "Trainer/where": 0.12481617647058822, "Trainer/epoch": 4, "Trainer/steps_train": 680}
{"Losses/train_all_loss": 1.5100043391918434, "Losses/train_all_loss_mask": 0.004495181301749921, "Losses/train_all_loss_dice": 5.780459702891462, "Losses/train_all_loss_iou": 0.6371513160274309, "Losses/train_all_loss_class": 0.06915077226694297, "Losses/train_all_core_loss": 1.5100043391918434, "Trainer/where": 0.14981617647058823, "Trainer/epoch": 5, "Trainer/steps_train": 816}
{"Losses/train_all_loss": 1.7443690828102476, "Losses/train_all_loss_mask": 0.005401545435982852, "Losses/train_all_loss_dice": 6.647099519477171, "Losses/train_all_loss_iou": 0.6497164006235406, "Losses/train_all_loss_class": 0.09595179795135025, "Losses/train_all_core_loss": 1.7443690828102476, "Trainer/where": 0.17481617647058822, "Trainer/epoch": 6, "Trainer/steps_train": 952}
{"Losses/train_all_loss": 1.5833549867658054, "Losses/train_all_loss_mask": 0.0048692173886058085, "Losses/train_all_loss_dice": 6.267859271344016, "Losses/train_all_loss_iou": 0.6553563077605384, "Losses/train_all_loss_class": 0.028289237841151175, "Losses/train_all_core_loss": 1.5833549867658054, "Trainer/where": 0.19981617647058822, "Trainer/epoch": 7, "Trainer/steps_train": 1088}
{"Losses/train_all_loss": 1.491937319364618, "Losses/train_all_loss_mask": 0.00494836843919235, "Losses/train_all_loss_dice": 6.008866594994769, "Losses/train_all_loss_iou": 0.5648775425027398, "Losses/train_all_loss_class": 0.0039955666175798986, "Losses/train_all_core_loss": 1.491937319364618, "Trainer/where": 0.2248161764705882, "Trainer/epoch": 8, "Trainer/steps_train": 1224}
{"Losses/train_all_loss": 1.5889583451344687, "Losses/train_all_loss_mask": 0.0048773244939986716, "Losses/train_all_loss_dice": 6.309958898845841, "Losses/train_all_loss_iou": 0.6290266137734494, "Losses/train_all_loss_class": 0.030454863097438247, "Losses/train_all_core_loss": 1.5889583451344687, "Trainer/where": 0.24981617647058824, "Trainer/epoch": 9, "Trainer/steps_train": 1360}
{"Losses/train_all_loss": 1.392625085571233, "Losses/train_all_loss_mask": 0.0036789367064985153, "Losses/train_all_loss_dice": 5.48794744645848, "Losses/train_all_loss_iou": 0.6219506278524504, "Losses/train_all_loss_class": 0.04188266581192077, "Losses/train_all_core_loss": 1.392625085571233, "Trainer/where": 0.2748161764705882, "Trainer/epoch": 10, "Trainer/steps_train": 1496}
{"Losses/train_all_loss": 1.4160180547658134, "Losses/train_all_loss_mask": 0.004533572321794482, "Losses/train_all_loss_dice": 5.69365531995016, "Losses/train_all_loss_iou": 0.5901931749163744, "Losses/train_all_loss_class": 0.000573318279965834, "Losses/train_all_core_loss": 1.4160180547658134, "Trainer/where": 0.2998161764705882, "Trainer/epoch": 11, "Trainer/steps_train": 1632}
{"Losses/train_all_loss": 1.5225612201234873, "Losses/train_all_loss_mask": 0.004633792823851228, "Losses/train_all_loss_dice": 5.82093003041604, "Losses/train_all_loss_iou": 0.6414397201391265, "Losses/train_all_loss_class": 0.067904519412325, "Losses/train_all_core_loss": 1.5225612201234873, "Trainer/where": 0.32481617647058825, "Trainer/epoch": 12, "Trainer/steps_train": 1768}
{"Losses/train_all_loss": 1.6183741156230955, "Losses/train_all_loss_mask": 0.004875969883387905, "Losses/train_all_loss_dice": 6.306664155686603, "Losses/train_all_loss_iou": 0.6373054333688581, "Losses/train_all_loss_class": 0.05892124625126418, "Losses/train_all_core_loss": 1.6183741156230955, "Trainer/where": 0.3498161764705882, "Trainer/epoch": 13, "Trainer/steps_train": 1904}
{"Losses/train_all_loss": 1.7147221385556108, "Losses/train_all_loss_mask": 0.004954736275548759, "Losses/train_all_loss_dice": 6.6644188735414955, "Losses/train_all_loss_iou": 0.6952493676970548, "Losses/train_all_loss_class": 0.06937271599422346, "Losses/train_all_core_loss": 1.7147221385556108, "Trainer/where": 0.37481617647058824, "Trainer/epoch": 14, "Trainer/steps_train": 2040}
{"Losses/train_all_loss": 1.5981338208212572, "Losses/train_all_loss_mask": 0.004582595714215559, "Losses/train_all_loss_dice": 6.444240376353264, "Losses/train_all_loss_iou": 0.7390464170671561, "Losses/train_all_loss_class": 0.0010855909677992353, "Losses/train_all_core_loss": 1.5981338208212572, "Trainer/where": 0.3998161764705882, "Trainer/epoch": 15, "Trainer/steps_train": 2176}
{"Losses/train_all_loss": 1.2743163173470426, "Losses/train_all_loss_mask": 0.003935521427860402, "Losses/train_all_loss_dice": 5.060632220085929, "Losses/train_all_loss_iou": 0.5113092374111361, "Losses/train_all_loss_class": 0.02218476491532663, "Losses/train_all_core_loss": 1.2743163173470426, "Trainer/where": 0.4248161764705882, "Trainer/epoch": 16, "Trainer/steps_train": 2312}
{"Losses/train_all_loss": 1.4562490117900513, "Losses/train_all_loss_mask": 0.004619951310065945, "Losses/train_all_loss_dice": 5.91813911409939, "Losses/train_all_loss_iou": 0.553254108163802, "Losses/train_all_loss_class": 0.0002720471945556991, "Losses/train_all_core_loss": 1.4562490117900513, "Trainer/where": 0.44981617647058825, "Trainer/epoch": 17, "Trainer/steps_train": 2448}
{"Losses/train_all_loss": 1.6156008936026518, "Losses/train_all_loss_mask": 0.005224636719289907, "Losses/train_all_loss_dice": 6.479293109739528, "Losses/train_all_loss_iou": 0.6208945877630921, "Losses/train_all_loss_class": 0.012701047271363982, "Losses/train_all_core_loss": 1.6156008936026518, "Trainer/where": 0.4748161764705882, "Trainer/epoch": 18, "Trainer/steps_train": 2584}
{"Losses/train_all_loss": 1.536644251031034, "Losses/train_all_loss_mask": 0.004491531377264918, "Losses/train_all_loss_dice": 6.243105158209801, "Losses/train_all_loss_iou": 0.6525066887740704, "Losses/train_all_loss_class": 0.00031827092073195433, "Losses/train_all_core_loss": 1.536644251031034, "Trainer/where": 0.49981617647058824, "Trainer/epoch": 19, "Trainer/steps_train": 2720}
{"Losses/train_all_loss": 1.5470310098984663, "Losses/train_all_loss_mask": 0.004370437906639863, "Losses/train_all_loss_dice": 6.08890152854078, "Losses/train_all_loss_iou": 0.639939287896542, "Losses/train_all_loss_class": 0.048297489947076916, "Losses/train_all_core_loss": 1.5470310098984663,