{"Trainer/where": 0.02426470588235294, "Trainer/epoch": 0, "Trainer/steps_train": 34}
{"Trainer/where": 0.04926470588235295, "Trainer/epoch": 1, "Trainer/steps_train": 68}
{"Trainer/where": 0.07426470588235294, "Trainer/epoch": 2, "Trainer/steps_train": 102}
{"Trainer/where": 0.09926470588235295, "Trainer/epoch": 3, "Trainer/steps_train": 136}
{"Trainer/where": 0.12426470588235294, "Trainer/epoch": 4, "Trainer/steps_train": 170}
{"Trainer/where": 0.14926470588235294, "Trainer/epoch": 5, "Trainer/steps_train": 204}
{"Trainer/where": 0.17426470588235293, "Trainer/epoch": 6, "Trainer/steps_train": 238}
{"Trainer/where": 0.19926470588235295, "Trainer/epoch": 7, "Trainer/steps_train": 272}
{"Trainer/where": 0.22426470588235295, "Trainer/epoch": 8, "Trainer/steps_train": 306}
{"Trainer/where": 0.24926470588235294, "Trainer/epoch": 9, "Trainer/steps_train": 340}
{"Trainer/where": 0.27426470588235297, "Trainer/epoch": 10, "Trainer/steps_train": 374}
{"Trainer/where": 0.29926470588235293, "Trainer/epoch": 11, "Trainer/steps_train": 408}
{"Trainer/where": 0.32426470588235295, "Trainer/epoch": 12, "Trainer/steps_train": 442}
{"Trainer/where": 0.3492647058823529, "Trainer/epoch": 13, "Trainer/steps_train": 476}
{"Trainer/where": 0.37426470588235294, "Trainer/epoch": 14, "Trainer/steps_train": 510}
{"Trainer/where": 0.39926470588235297, "Trainer/epoch": 15, "Trainer/steps_train": 544}
{"Trainer/where": 0.4242647058823529, "Trainer/epoch": 16, "Trainer/steps_train": 578}
{"Trainer/where": 0.4492647058823529, "Trainer/epoch": 17, "Trainer/steps_train": 612}
{"Trainer/where": 0.4742647058823529, "Trainer/epoch": 18, "Trainer/steps_train": 646}
{"Trainer/where": 0.4992647058823529, "Trainer/epoch": 19, "Trainer/steps_train": 680}
{"Trainer/where": 0.5242647058823529, "Trainer/epoch": 20, "Trainer/steps_train": 714}
{"Trainer/where": 0.5492647058823529, "Trainer/epoch": 21, "Trainer/steps_train": 748}
{"Trainer/where": 0.5742647058823529, "Trainer/epoch": 22, "Trainer/steps_train": 782}
{"Trainer/where": 0.5992647058823529, "Trainer/epoch": 23, "Trainer/steps_train": 816}
{"Trainer/where": 0.6242647058823529, "Trainer/epoch": 24, "Trainer/steps_train": 850}
{"Trainer/where": 0.6492647058823529, "Trainer/epoch": 25, "Trainer/steps_train": 884}
{"Trainer/where": 0.6742647058823529, "Trainer/epoch": 26, "Trainer/steps_train": 918}
{"Trainer/where": 0.6992647058823529, "Trainer/epoch": 27, "Trainer/steps_train": 952}
{"Trainer/where": 0.7242647058823529, "Trainer/epoch": 28, "Trainer/steps_train": 986}
{"Trainer/where": 0.7492647058823529, "Trainer/epoch": 29, "Trainer/steps_train": 1020}
{"Trainer/where": 0.7742647058823529, "Trainer/epoch": 30, "Trainer/steps_train": 1054}
{"Trainer/where": 0.7992647058823529, "Trainer/epoch": 31, "Trainer/steps_train": 1088}
{"Trainer/where": 0.8242647058823529, "Trainer/epoch": 32, "Trainer/steps_train": 1122}
{"Trainer/where": 0.8492647058823529, "Trainer/epoch": 33, "Trainer/steps_train": 1156}
{"Trainer/where": 0.8742647058823529, "Trainer/epoch": 34, "Trainer/steps_train": 1190}
{"Trainer/where": 0.8992647058823529, "Trainer/epoch": 35, "Trainer/steps_train": 1224}
{"Trainer/where": 0.9242647058823529, "Trainer/epoch": 36, "Trainer/steps_train": 1258}
{"Trainer/where": 0.9492647058823529, "Trainer/epoch": 37, "Trainer/steps_train": 1292}
{"Trainer/where": 0.9742647058823529, "Trainer/epoch": 38, "Trainer/steps_train": 1326}
{"Trainer/where": 0.9992647058823529, "Trainer/epoch": 39, "Trainer/steps_train": 1360}
