{"Losses/train_all_loss": 7.472242916331572, "Losses/train_all_loss_mask": 0.037655446553424766, "Losses/train_all_loss_dice": 4.810718034996706, "Losses/train_all_loss_iou": 1.6032029452788479, "Losses/train_all_loss_class": 0.30521322163643644, "Losses/train_all_core_loss": 7.472242916331572, "Trainer/where": 0.02426470588235294, "Trainer/epoch": 0, "Trainer/steps_train": 34}
{"Losses/train_all_loss": 7.25142243679832, "Losses/train_all_loss_mask": 0.02264213062453029, "Losses/train_all_loss_dice": 5.114891234566183, "Losses/train_all_loss_iou": 1.4730282640632462, "Losses/train_all_loss_class": 0.21066022365737488, "Losses/train_all_core_loss": 7.25142243679832, "Trainer/where": 0.04926470588235295, "Trainer/epoch": 1, "Trainer/steps_train": 68}
{"Losses/train_all_loss": 6.871109243701486, "Losses/train_all_loss_mask": 0.028296406336320454, "Losses/train_all_loss_dice": 5.36442486503545, "Losses/train_all_loss_iou": 0.7949142598492258, "Losses/train_all_loss_class": 0.1458419987021069, "Losses/train_all_core_loss": 6.871109243701486, "Trainer/where": 0.07426470588235294, "Trainer/epoch": 2, "Trainer/steps_train": 102}
{"Losses/train_all_loss": 8.121947376167073, "Losses/train_all_loss_mask": 0.022154944632133907, "Losses/train_all_loss_dice": 6.324614640544443, "Losses/train_all_loss_iou": 1.0777227238697165, "Losses/train_all_loss_class": 0.276510988622356, "Losses/train_all_core_loss": 8.121947376167073, "Trainer/where": 0.09926470588235295, "Trainer/epoch": 3, "Trainer/steps_train": 136}
{"Losses/train_all_loss": 7.3461412226452545, "Losses/train_all_loss_mask": 0.017423542076036993, "Losses/train_all_loss_dice": 5.809458066435421, "Losses/train_all_loss_iou": 0.9135586976566735, "Losses/train_all_loss_class": 0.2746536933460875, "Losses/train_all_core_loss": 7.3461412226452545, "Trainer/where": 0.12426470588235294, "Trainer/epoch": 4, "Trainer/steps_train": 170}
{"Losses/train_all_loss": 7.262294986668755, "Losses/train_all_loss_mask": 0.014702574880658814, "Losses/train_all_loss_dice": 5.7677382125574, "Losses/train_all_loss_iou": 0.8752314257709419, "Losses/train_all_loss_class": 0.32527379707693505, "Losses/train_all_core_loss": 7.262294986668755, "Trainer/where": 0.14926470588235294, "Trainer/epoch": 5, "Trainer/steps_train": 204}
{"Losses/train_all_loss": 7.425709300181445, "Losses/train_all_loss_mask": 0.02326929126523764, "Losses/train_all_loss_dice": 6.029166205840952, "Losses/train_all_loss_iou": 0.8458010004285503, "Losses/train_all_loss_class": 0.0853562191101339, "Losses/train_all_core_loss": 7.425709300181445, "Trainer/where": 0.17426470588235293, "Trainer/epoch": 6, "Trainer/steps_train": 238}
{"Losses/train_all_loss": 6.022534521187053, "Losses/train_all_loss_mask": 0.015399710942908902, "Losses/train_all_loss_dice": 4.882566080373876, "Losses/train_all_loss_iou": 0.7492242637364304, "Losses/train_all_loss_class": 0.08275012987467241, "Losses/train_all_core_loss": 6.022534521187053, "Trainer/where": 0.19926470588235295, "Trainer/epoch": 7, "Trainer/steps_train": 272}
{"Losses/train_all_loss": 8.442960318397073, "Losses/train_all_loss_mask": 0.021983370818334687, "Losses/train_all_loss_dice": 6.744207932668574, "Losses/train_all_loss_iou": 1.0382568459300434, "Losses/train_all_loss_class": 0.2208282692830407, "Losses/train_all_core_loss": 8.442960318397073, "Trainer/where": 0.22426470588235295, "Trainer/epoch": 8, "Trainer/steps_train": 306}
{"Losses/train_all_loss": 5.604737983030431, "Losses/train_all_loss_mask": 0.01624962451408946, "Losses/train_all_loss_dice": 4.426350307815215, "Losses/train_all_loss_iou": 0.7197922867010621, "Losses/train_all_loss_class": 0.133602755225986, "Losses/train_all_core_loss": 5.604737983030431, "Trainer/where": 0.24926470588235294, "Trainer/epoch": 9, "Trainer/steps_train": 340}
{"Losses/train_all_loss": 6.722176790237427, "Losses/train_all_loss_mask": 0.014373092097230256, "Losses/train_all_loss_dice": 5.512145578861237, "Losses/train_all_loss_iou": 0.8031728488995749, "Losses/train_all_loss_class": 0.11939660045369666, "Losses/train_all_core_loss": 6.722176790237427, "Trainer/where": 0.27426470588235297, "Trainer/epoch": 10, "Trainer/steps_train": 374}
{"Losses/train_all_loss": 6.983854904770851, "Losses/train_all_loss_mask": 0.013849398703316447, "Losses/train_all_loss_dice": 5.0768733709393175, "Losses/train_all_loss_iou": 0.8428808834184619, "Losses/train_all_loss_class": 0.7871129041244892, "Losses/train_all_core_loss": 6.983854904770851, "Trainer/where": 0.29926470588235293, "Trainer/epoch": 11, "Trainer/steps_train": 408}
{"Losses/train_all_loss": 7.093899751410765, "Losses/train_all_loss_mask": 0.02337672862717334, "Losses/train_all_loss_dice": 5.657212336273754, "Losses/train_all_loss_iou": 0.8838540802107138, "Losses/train_all_loss_class": 0.08529890408852439, "Losses/train_all_core_loss": 7.093899751410765, "Trainer/where": 0.32426470588235295, "Trainer/epoch": 12, "Trainer/steps_train": 442}
{"Losses/train_all_loss": 7.7009069533909065, "Losses/train_all_loss_mask": 0.015962832230691087, "Losses/train_all_loss_dice": 5.987356759169522, "Losses/train_all_loss_iou": 0.909100130200386, "Losses/train_all_loss_class": 0.4851933889132103, "Losses/train_all_core_loss": 7.7009069533909065, "Trainer/where": 0.3492647058823529, "Trainer/epoch": 13, "Trainer/steps_train": 476}
{"Losses/train_all_loss": 6.946132859762977, "Losses/train_all_loss_mask": 0.014957014981465525, "Losses/train_all_loss_dice": 5.606867294101154, "Losses/train_all_loss_iou": 0.892711833009825, "Losses/train_all_loss_class": 0.14741366582765134, "Losses/train_all_core_loss": 6.946132859762977, "Trainer/where": 0.37426470588235294, "Trainer/epoch": 14, "Trainer/steps_train": 510}
{"Losses/train_all_loss": 7.473636339692509, "Losses/train_all_loss_mask": 0.016918320585425722, "Losses/train_all_loss_dice": 6.0532812143073365, "Losses/train_all_loss_iou": 0.9462636192055309, "Losses/train_all_loss_class": 0.13572528077801346, "Losses/train_all_core_loss": 7.473636339692509, "Trainer/where": 0.39926470588235297, "Trainer/epoch": 15, "Trainer/steps_train": 544}
{"Losses/train_all_loss": 6.824973299222834, "Losses/train_all_loss_mask": 0.012523140912355088, "Losses/train_all_loss_dice": 5.62645036683363, "Losses/train_all_loss_iou": 0.9276162708068595, "Losses/train_all_loss_class": 0.02044381301547058, "Losses/train_all_core_loss": 6.824973299222834, "Trainer/where": 0.4242647058823529, "Trainer/epoch": 16, "Trainer/steps_train": 578}
{"Losses/train_all_loss": 7.750370712841258, "Losses/train_all_loss_mask": 0.01544375577085542, "Losses/train_all_loss_dice": 6.297828281626982, "Losses/train_all_loss_iou": 0.9677898064255714, "Losses/train_all_loss_class": 0.17587760796232033, "Losses/train_all_core_loss": 7.750370712841258, "Trainer/where": 0.4492647058823529, "Trainer/epoch": 17, "Trainer/steps_train": 612}
{"Losses/train_all_loss": 7.870407353429234, "Losses/train_all_loss_mask": 0.020701891071546602, "Losses/train_all_loss_dice": 6.326683216235217, "Losses/train_all_loss_iou": 0.9217878751018468, "Losses/train_all_loss_class": 0.20789853697565644, "Losses/train_all_core_loss": 7.870407353429234, "Trainer/where": 0.4742647058823529, "Trainer/epoch": 18, "Trainer/steps_train": 646}
{"Losses/train_all_loss": 6.418261566582848, "Losses/train_all_loss_mask": 0.01564631796003703, "Losses/train_all_loss_dice": 5.186253112905166, "Losses/train_all_loss_iou": 0.8715992140419343, "Losses/train_all_loss_class": 0.04748278681483284, "Losses/train_all_core_loss": 6.418261566582848, "Trainer/where": 0.4992647058823529, "Trainer/epoch": 19, "Trainer/steps_train": 680}
{"Losses/train_all_loss": 6.728244630729451, "Losses/train_all_loss_mask": 0.012610044292694725, "Losses/train_all_loss_dice": 5.293773996479371, "Losses/train_all_loss_iou": 0.7717450594200808, "Losses/train_all_loss_class": 0.41052467520870883, "Losses/train_all_core_loss": 6.728244630729451, "Trainer/where": 0.5242647058823529, "Trainer/epoch": 20,